{"cameraMode":{"drawMode":0,"name":"Shaded","section":"Shading Mode"},"sceneLighting":true,"audioPlay":false,"sceneViewState":{"m_AlwaysRefresh":false,"showFog":true,"showSkybox":false,"showFlares":true,"showImageEffects":true,"showParticleSystems":true,"showVisualEffectGraphs":true,"m_FxEnabled":true},"in2DMode":false,"pivot":{"x":0.3358810842037201,"y":2.4105024337768556,"z":-0.1649010181427002},"rotation":{"x":0.0033411565236747267,"y":-0.9944155216217041,"z":0.1005866602063179,"w":0.03280001878738403},"size":1.4005751609802247,"orthographic":false}